timestamp,miner_name,miner_ip,hashrate_gh,hashrate_th,power_w,efficiency_jth,temperature_c,vr_temperature_c,fan_speed_rpm,voltage_v,input_voltage_v,frequency_mhz,best_diff,session_diff,accepted_shares,rejected_shares,uptime_s,wifi_rssi,pool_url,worker_name,asic_model,board_version,firmware_version,status
2025-05-29T19:34:55.541710,Gamma-1,192.168.1.45,1229.374120518131,1.229374120518131,20.69122314453125,16.83069685557619,59.875,59,3385,1.133,4.8828125,610,0,0,137,0,445,-43,taborsky.de,3Aas8yBKTY3wA5dAknm62bNMbvR1qd4wgM.bitaxe1,BM1370,601,v2.7.1,ONLINE
2025-05-29T19:34:55.542711,Gamma-2,192.168.1.46,1247.4001981265696,1.2474001981265697,20.628662109375,16.53732470169279,60.125,58,3621,1.129,5.0546875,610,0,0,130,0,389,-71,taborsky.de,3Aas8yBKTY3wA5dAknm62bNMbvR1qd4wgM.bitaxe2,BM1370,601,v2.7.1,ONLINE
2025-05-29T19:34:55.543710,Gamma-3,192.168.1.47,1159.556048846655,1.159556048846655,18.38720703125,15.857109321743195,60.125,53,2597,1.133,5.109375,610,0,0,97,0,338,-57,taborsky.de,3Aas8yBKTY3wA5dAknm62bNMbvR1qd4wgM.bitaxe3,BM1370,601,v2.7.1,ONLINE
2025-05-29T19:35:55.725169,Gamma-1,192.168.1.45,1348.306489903564,1.348306489903564,20.61907958984375,15.292576090261575,60,59,3499,1.133,4.8828125,610,0,0,157,0,505,-44,taborsky.de,3Aas8yBKTY3wA5dAknm62bNMbvR1qd4wgM.bitaxe1,BM1370,601,v2.7.1,ONLINE
2025-05-29T19:35:55.726170,Gamma-2,192.168.1.46,1497.8262316537039,1.4978262316537039,20.628662109375,13.772400077811115,59.875,58,3711,1.129,5.0546875,610,0,0,153,0,449,-72,taborsky.de,3Aas8yBKTY3wA5dAknm62bNMbvR1qd4wgM.bitaxe2,BM1370,601,v2.7.1,ONLINE
2025-05-29T19:35:55.728173,Gamma-3,192.168.1.47,1118.0421828915123,1.1180421828915124,18.38720703125,16.44589740227554,60.125,53,2602,1.132,5.109375,610,0,0,119,0,398,-55,taborsky.de,3Aas8yBKTY3wA5dAknm62bNMbvR1qd4wgM.bitaxe3,BM1370,601,v2.7.1,ONLINE
2025-05-29T19:36:56.174176,Gamma-1,192.168.1.45,1267.914287899011,1.267914287899011,20.69122314453125,16.31910243618873,60,59,3178,1.132,4.875,610,0,0,169,0,566,-44,taborsky.de,3Aas8yBKTY3wA5dAknm62bNMbvR1qd4wgM.bitaxe1,BM1370,601,v2.7.1,ONLINE
2025-05-29T19:36:56.175178,Gamma-2,192.168.1.46,1292.428355674327,1.2924283556743268,20.628662109375,15.96116490233763,60,58,3573,1.129,5.0625,610,0,0,168,0,510,-71,taborsky.de,3Aas8yBKTY3wA5dAknm62bNMbvR1qd4wgM.bitaxe2,BM1370,601,v2.7.1,ONLINE
2025-05-29T19:36:56.178177,Gamma-3,192.168.1.47,1344.20432755174,1.3442043275517401,18.38720703125,13.678878020530888,59.875,53,2612,1.13,5.1015625,610,0,0,141,0,458,-55,taborsky.de,3Aas8yBKTY3wA5dAknm62bNMbvR1qd4wgM.bitaxe3,BM1370,601,v2.7.1,ONLINE
2025-05-29T19:37:56.382528,Gamma-1,192.168.1.45,1060.9101477222146,1.0609101477222145,20.6551513671875,19.469274953712464,59.625,59,3377,1.133,4.875,610,0,0,180,0,626,-44,taborsky.de,3Aas8yBKTY3wA5dAknm62bNMbvR1qd4wgM.bitaxe1,BM1370,601,v2.7.1,ONLINE
2025-05-29T19:37:56.382528,Gamma-2,192.168.1.46,1274.0681286131064,1.2740681286131064,20.53863525390625,16.120515687229137,59.875,58,3508,1.129,5.0546875,610,0,0,182,0,570,-71,taborsky.de,3Aas8yBKTY3wA5dAknm62bNMbvR1qd4wgM.bitaxe2,BM1370,601,v2.7.1,ONLINE
2025-05-29T19:37:56.384529,Gamma-3,192.168.1.47,1123.3842504982385,1.1233842504982385,18.35107421875,16.335527412469073,60.125,53,2505,1.129,5.109375,610,0,0,156,0,518,-55,taborsky.de,3Aas8yBKTY3wA5dAknm62bNMbvR1qd4wgM.bitaxe3,BM1370,601,v2.7.1,ONLINE
2025-05-29T19:38:56.680899,Gamma-1,192.168.1.45,1186.2418650989016,1.1862418650989015,20.727294921875,17.473076555215734,60.375,59,3499,1.133,4.859375,610,0,0,197,0,686,-44,taborsky.de,3Aas8yBKTY3wA5dAknm62bNMbvR1qd4wgM.bitaxe1,BM1370,601,v2.7.1,ONLINE
2025-05-29T19:38:56.681899,Gamma-2,192.168.1.46,1349.7629103621553,1.3497629103621553,20.628662109375,15.283174512359446,60.25,58,3773,1.126,5.0546875,610,0,0,198,0,630,-71,taborsky.de,3Aas8yBKTY3wA5dAknm62bNMbvR1qd4wgM.bitaxe2,BM1370,601,v2.7.1,ONLINE
2025-05-29T19:38:56.683899,Gamma-3,192.168.1.47,1458.5585787796017,1.4585585787796016,18.35107421875,12.581650463503925,60,53,2617,1.131,5.109375,610,0,0,176,0,579,-57,taborsky.de,3Aas8yBKTY3wA5dAknm62bNMbvR1qd4wgM.bitaxe3,BM1370,601,v2.7.1,ONLINE
2025-05-29T19:39:56.885025,Gamma-1,192.168.1.45,1336.4975762349266,1.3364975762349265,20.69122314453125,15.48167651962445,60,59,3437,1.133,4.8125,610,0,0,210,0,746,-44,taborsky.de,3Aas8yBKTY3wA5dAknm62bNMbvR1qd4wgM.bitaxe1,BM1370,601,v2.7.1,ONLINE
2025-05-29T19:39:56.886030,Gamma-2,192.168.1.46,1413.6428931244518,1.4136428931244518,20.5926513671875,14.567081592772949,59.75,58,3805,1.129,5.0546875,610,0,0,219,0,690,-71,taborsky.de,3Aas8yBKTY3wA5dAknm62bNMbvR1qd4wgM.bitaxe2,BM1370,601,v2.7.1,ONLINE
2025-05-29T19:39:56.889029,Gamma-3,192.168.1.47,1504.0601396078268,1.5040601396078268,18.42333984375,12.24907126955293,60.125,53,2505,1.136,5.109375,610,0,0,203,0,639,-59,taborsky.de,3Aas8yBKTY3wA5dAknm62bNMbvR1qd4wgM.bitaxe3,BM1370,601,v2.7.1,ONLINE
2025-05-29T19:40:57.071005,Gamma-1,192.168.1.45,1560.2472457845624,1.5602472457845624,20.727294921875,13.284622022487458,59.875,59,3402,1.132,4.890625,610,0,0,239,0,806,-44,taborsky.de,3Aas8yBKTY3wA5dAknm62bNMbvR1qd4wgM.bitaxe1,BM1370,601,v2.7.1,ONLINE
2025-05-29T19:40:57.072006,Gamma-2,192.168.1.46,1181.267885346459,1.181267885346459,20.6646728515625,17.49363807135218,59.75,58,3651,1.126,5.0546875,610,0,0,231,0,751,-71,taborsky.de,3Aas8yBKTY3wA5dAknm62bNMbvR1qd4wgM.bitaxe2,BM1370,601,v2.7.1,ONLINE
2025-05-29T19:40:57.073007,Gamma-3,192.168.1.47,1498.802770635492,1.4988027706354918,18.38720703125,12.26792970462273,59.875,53,2496,1.133,5.109375,610,0,0,230,0,699,-56,taborsky.de,3Aas8yBKTY3wA5dAknm62bNMbvR1qd4wgM.bitaxe3,BM1370,601,v2.7.1,ONLINE
2025-05-29T19:41:57.226832,Gamma-1,192.168.1.45,1292.772735756233,1.292772735756233,20.6551513671875,15.977403294404146,60.375,59,3490,1.136,4.8984375,610,0,0,254,0,867,-44,taborsky.de,3Aas8yBKTY3wA5dAknm62bNMbvR1qd4wgM.bitaxe1,BM1370,601,v2.7.1,ONLINE
2025-05-29T19:41:57.227831,Gamma-2,192.168.1.46,1029.5362168424263,1.0295362168424262,20.628662109375,20.036849381212473,59.875,58,3805,1.129,5.0546875,610,0,0,248,0,811,-71,taborsky.de,3Aas8yBKTY3wA5dAknm62bNMbvR1qd4wgM.bitaxe2,BM1370,601,v2.7.1,ONLINE
2025-05-29T19:41:57.228834,Gamma-3,192.168.1.47,1315.97658409144,1.31597658409144,18.38720703125,13.972290429426346,60.25,53,2592,1.133,5.109375,610,0,0,244,0,759,-56,taborsky.de,3Aas8yBKTY3wA5dAknm62bNMbvR1qd4wgM.bitaxe3,BM1370,601,v2.7.1,ONLINE
2025-05-29T19:42:57.459171,Gamma-1,192.168.1.45,1209.203065484196,1.209203065484196,20.61907958984375,17.051792356801,59.875,59,3394,1.134,4.8984375,610,0,0,260,0,927,-44,taborsky.de,3Aas8yBKTY3wA5dAknm62bNMbvR1qd4wgM.bitaxe1,BM1370,601,v2.7.1,ONLINE
2025-05-29T19:42:57.460171,Gamma-2,192.168.1.46,1248.760936683626,1.2487609366836259,20.5926513671875,16.490467280211423,59.875,58,3651,1.127,5.0546875,610,0,0,255,0,871,-71,taborsky.de,3Aas8yBKTY3wA5dAknm62bNMbvR1qd4wgM.bitaxe2,BM1370,601,v2.7.1,ONLINE
2025-05-29T19:42:57.461171,Gamma-3,192.168.1.47,1603.2538061126393,1.6032538061126393,18.38720703125,11.468681353598592,59.875,53,2529,1.134,5.109375,610,0,0,270,0,820,-56,taborsky.de,3Aas8yBKTY3wA5dAknm62bNMbvR1qd4wgM.bitaxe3,BM1370,601,v2.7.1,ONLINE
2025-05-29T19:43:57.690246,Gamma-1,192.168.1.45,1262.2481368410613,1.2622481368410612,20.69122314453125,16.392357842027565,60.375,59,3527,1.132,4.8984375,610,0,0,284,0,987,-44,taborsky.de,3Aas8yBKTY3wA5dAknm62bNMbvR1qd4wgM.bitaxe1,BM1370,601,v2.7.1,ONLINE
2025-05-29T19:43:57.691247,Gamma-2,192.168.1.46,1400.6578357026312,1.4006578357026311,20.6646728515625,14.75354817202461,60,58,3691,1.13,5.0546875,610,0,0,274,0,931,-73,taborsky.de,3Aas8yBKTY3wA5dAknm62bNMbvR1qd4wgM.bitaxe2,BM1370,601,v2.7.1,ONLINE
2025-05-29T19:43:57.692245,Gamma-3,192.168.1.47,1284.384388615246,1.284384388615246,18.38720703125,14.315968953090511,60,53,2607,1.131,5.109375,610,0,0,285,0,880,-57,taborsky.de,3Aas8yBKTY3wA5dAknm62bNMbvR1qd4wgM.bitaxe3,BM1370,601,v2.7.1,ONLINE
2025-05-29T19:44:58.112041,Gamma-1,192.168.1.45,1399.6814876006335,1.3996814876006336,20.33050537109375,14.525094138341982,56.25,57,2206,1.136,4.9375,620,0,0,3,0,25,-43,taborsky.de,3Aas8yBKTY3wA5dAknm62bNMbvR1qd4wgM.bitaxe1,BM1370,601,v2.7.1,ONLINE
2025-05-29T19:44:58.113040,Gamma-2,192.168.1.46,1465.7769710238729,1.4657769710238728,20.6646728515625,14.098101730393429,60.125,58,3661,1.129,5.0546875,610,0,0,293,0,992,-74,taborsky.de,3Aas8yBKTY3wA5dAknm62bNMbvR1qd4wgM.bitaxe2,BM1370,601,v2.7.1,ONLINE
2025-05-29T19:44:58.114548,Gamma-3,192.168.1.47,1188.2134286603082,1.188213428660308,18.38720703125,15.474666913991442,59.875,53,2582,1.133,5.1015625,610,0,0,305,0,940,-54,taborsky.de,3Aas8yBKTY3wA5dAknm62bNMbvR1qd4wgM.bitaxe3,BM1370,601,v2.7.1,ONLINE
2025-05-29T19:45:58.609946,Gamma-1,192.168.1.45,1170.4835618333136,1.1704835618333136,20.83551025390625,17.800771350664554,60.75,58,3411,1.129,4.9140625,620,0,0,11,0,85,-44,taborsky.de,3Aas8yBKTY3wA5dAknm62bNMbvR1qd4wgM.bitaxe1,BM1370,601,v2.7.1,ONLINE
2025-05-29T19:45:58.610953,Gamma-2,192.168.1.46,763.7270428655763,0.7637270428655764,20.46661376953125,26.79833582000524,57.75,56,2455,1.129,5.0625,620,0,0,2,0,29,-40,taborsky.de,3Aas8yBKTY3wA5dAknm62bNMbvR1qd4wgM.bitaxe2,BM1370,601,v2.7.1,ONLINE
2025-05-29T19:45:58.612952,Gamma-3,192.168.1.47,1310.2671179717167,1.3102671179717167,18.42333984375,14.060751117885937,60,53,2607,1.131,5.109375,610,0,0,326,0,1001,-55,taborsky.de,3Aas8yBKTY3wA5dAknm62bNMbvR1qd4wgM.bitaxe3,BM1370,601,v2.7.1,ONLINE
2025-05-29T19:46:58.904324,Gamma-1,192.168.1.45,1133.532134806169,1.133532134806169,20.925689697265625,18.460605619128618,60.5,59,3394,1.136,4.8984375,620,0,0,28,0,145,-44,taborsky.de,3Aas8yBKTY3wA5dAknm62bNMbvR1qd4wgM.bitaxe1,BM1370,601,v2.7.1,ONLINE
2025-05-29T19:46:58.905322,Gamma-2,192.168.1.46,1235.8239015618158,1.2358239015618158,20.916748046875,16.925346742720162,60.875,58,3742,1.126,5.0546875,620,0,0,22,0,90,-40,taborsky.de,3Aas8yBKTY3wA5dAknm62bNMbvR1qd4wgM.bitaxe2,BM1370,601,v2.7.1,ONLINE
2025-05-29T19:46:58.906322,Gamma-3,192.168.1.47,1539.5156908639838,1.5395156908639838,18.224609375,11.83788478620329,57,52,2171,1.133,5.109375,620,0,0,5,0,38,-56,taborsky.de,3Aas8yBKTY3wA5dAknm62bNMbvR1qd4wgM.bitaxe3,BM1370,601,v2.7.1,ONLINE
2025-05-29T19:47:59.396704,Gamma-1,192.168.1.45,1180.2519019901442,1.1802519019901443,20.889617919921875,17.699287656048458,60.125,59,3368,1.129,4.875,620,0,0,51,0,206,-44,taborsky.de,3Aas8yBKTY3wA5dAknm62bNMbvR1qd4wgM.bitaxe1,BM1370,601,v2.7.1,ONLINE
2025-05-29T19:47:59.397706,Gamma-2,192.168.1.46,1477.0790898014159,1.477079089801416,20.772705078125,14.06336683089716,60.125,58,3583,1.129,5.0625,620,0,0,46,0,150,-40,taborsky.de,3Aas8yBKTY3wA5dAknm62bNMbvR1qd4wgM.bitaxe2,BM1370,601,v2.7.1,ONLINE
2025-05-29T19:47:59.398706,Gamma-3,192.168.1.47,1258.0409597759387,1.2580409597759388,18.60400390625,14.78807487282722,60,53,2627,1.133,5.1015625,620,0,0,19,0,99,-55,taborsky.de,3Aas8yBKTY3wA5dAknm62bNMbvR1qd4wgM.bitaxe3,BM1370,601,v2.7.1,ONLINE
2025-05-29T19:49:00.354001,Gamma-1,192.168.1.45,1503.6656065187553,1.5036656065187552,20.853546142578125,13.868473184578368,59.75,59,3368,1.129,4.875,620,0,0,69,0,267,-44,taborsky.de,3Aas8yBKTY3wA5dAknm62bNMbvR1qd4wgM.bitaxe1,BM1370,601,v2.7.1,ONLINE
2025-05-29T19:49:00.355001,Gamma-2,192.168.1.46,1192.1975041880312,1.1921975041880313,20.772705078125,17.4238790176571,60,58,3661,1.125,5.0546875,620,0,0,60,0,211,-40,taborsky.de,3Aas8yBKTY3wA5dAknm62bNMbvR1qd4wgM.bitaxe2,BM1370,601,v2.7.1,ONLINE
2025-05-29T19:49:00.356999,Gamma-3,192.168.1.47,1365.8625225207124,1.3658625225207124,18.60400390625,13.620700179924501,60.125,53,2622,1.129,5.1015625,620,0,0,39,0,159,-54,taborsky.de,3Aas8yBKTY3wA5dAknm62bNMbvR1qd4wgM.bitaxe3,BM1370,601,v2.7.1,ONLINE
2025-05-29T19:50:00.511186,Gamma-1,192.168.1.45,1447.897433300794,1.4478974333007941,20.889617919921875,14.427553664695358,60.125,59,3351,1.132,4.8671875,620,0,0,87,0,327,-44,taborsky.de,3Aas8yBKTY3wA5dAknm62bNMbvR1qd4wgM.bitaxe1,BM1370,601,v2.7.1,ONLINE
2025-05-29T19:50:00.512188,Gamma-2,192.168.1.46,1298.3810760337412,1.2983810760337413,20.8087158203125,16.02666289921476,60,58,3661,1.126,5.0546875,620,0,0,83,0,271,-40,taborsky.de,3Aas8yBKTY3wA5dAknm62bNMbvR1qd4wgM.bitaxe2,BM1370,601,v2.7.1,ONLINE
2025-05-29T19:50:00.514185,Gamma-3,192.168.1.47,1320.9008550317335,1.3209008550317336,18.56787109375,14.056975603444455,60.125,54,2685,1.134,5.109375,620,0,0,54,0,220,-57,taborsky.de,3Aas8yBKTY3wA5dAknm62bNMbvR1qd4wgM.bitaxe3,BM1370,601,v2.7.1,ONLINE
2025-05-29T19:51:00.750031,Gamma-1,192.168.1.45,1486.43334780142,1.48643334780142,20.853546142578125,14.02925073863726,59.75,59,3377,1.133,4.8828125,620,0,0,107,0,387,-44,taborsky.de,3Aas8yBKTY3wA5dAknm62bNMbvR1qd4wgM.bitaxe1,BM1370,601,v2.7.1,ONLINE
2025-05-29T19:51:00.751032,Gamma-2,192.168.1.46,1386.2393820216973,1.3862393820216974,20.8087158203125,15.01091087887359,59.75,58,3592,1.129,5.0625,620,0,0,101,0,331,-40,taborsky.de,3Aas8yBKTY3wA5dAknm62bNMbvR1qd4wgM.bitaxe2,BM1370,601,v2.7.1,ONLINE
2025-05-29T19:51:00.753034,Gamma-3,192.168.1.47,1104.2200633512875,1.1042200633512875,18.60400390625,16.848094436707836,60,54,2627,1.133,5.1015625,620,0,0,68,0,280,-56,taborsky.de,3Aas8yBKTY3wA5dAknm62bNMbvR1qd4wgM.bitaxe3,BM1370,601,v2.7.1,ONLINE
2025-05-29T19:52:00.993034,Gamma-1,192.168.1.45,1579.09567309544,1.57909567309544,20.961761474609375,13.274535439337154,60.625,60,3564,1.132,4.875,620,0,0,129,0,447,-44,taborsky.de,3Aas8yBKTY3wA5dAknm62bNMbvR1qd4wgM.bitaxe1,BM1370,601,v2.7.1,ONLINE
2025-05-29T19:52:00.994040,Gamma-2,192.168.1.46,1559.0315697464443,1.5590315697464443,20.8807373046875,13.393402487727348,60,58,3752,1.126,5.0625,620,0,0,124,0,392,-40,taborsky.de,3Aas8yBKTY3wA5dAknm62bNMbvR1qd4wgM.bitaxe2,BM1370,601,v2.7.1,ONLINE
2025-05-29T19:52:00.995042,Gamma-3,192.168.1.47,1138.8939677896556,1.1388939677896555,18.56787109375,16.30342386463437,60.125,54,2617,1.131,5.1015625,620,0,0,81,0,340,-56,taborsky.de,3Aas8yBKTY3wA5dAknm62bNMbvR1qd4wgM.bitaxe3,BM1370,601,v2.7.1,ONLINE
2025-05-29T19:53:01.148543,Gamma-1,192.168.1.45,1371.085430614769,1.3710854306147688,20.853546142578125,15.209516254014739,59.625,59,3368,1.132,4.875,620,0,0,148,0,508,-44,taborsky.de,3Aas8yBKTY3wA5dAknm62bNMbvR1qd4wgM.bitaxe1,BM1370,601,v2.7.1,ONLINE
2025-05-29T19:53:01.149542,Gamma-2,192.168.1.46,1366.6795433324173,1.3666795433324173,20.772705078125,15.199397093099284,59.875,58,3661,1.129,5.0546875,620,0,0,139,0,452,-40,taborsky.de,3Aas8yBKTY3wA5dAknm62bNMbvR1qd4wgM.bitaxe2,BM1370,601,v2.7.1,ONLINE
2025-05-29T19:53:01.150543,Gamma-3,192.168.1.47,1440.5938090437537,1.4405938090437538,18.60400390625,12.914121794400241,60,54,2617,1.13,5.1015625,620,0,0,105,0,401,-54,taborsky.de,3Aas8yBKTY3wA5dAknm62bNMbvR1qd4wgM.bitaxe3,BM1370,601,v2.7.1,ONLINE
2025-05-29T19:54:01.895286,Gamma-1,192.168.1.45,1452.7395495808091,1.452739549580809,20.889617919921875,14.379465284021224,60,60,3454,1.129,4.8671875,620,0,0,164,0,568,-44,taborsky.de,3Aas8yBKTY3wA5dAknm62bNMbvR1qd4wgM.bitaxe1,BM1370,601,v2.7.1,ONLINE
2025-05-29T19:54:01.896288,Gamma-2,192.168.1.46,1240.145417753774,1.2401454177537738,20.8447265625,16.808292208388938,59.875,58,3621,1.129,5.0546875,620,0,0,161,0,513,-40,taborsky.de,3Aas8yBKTY3wA5dAknm62bNMbvR1qd4wgM.bitaxe2,BM1370,601,v2.7.1,ONLINE
2025-05-29T19:54:01.898291,Gamma-3,192.168.1.47,1454.6911146838147,1.4546911146838146,18.56787109375,12.76413315948921,59.875,54,2617,1.131,5.1015625,620,0,0,126,0,461,-55,taborsky.de,3Aas8yBKTY3wA5dAknm62bNMbvR1qd4wgM.bitaxe3,BM1370,601,v2.7.1,ONLINE
2025-05-29T19:55:02.108166,Gamma-1,192.168.1.45,1257.559163415384,1.257559163415384,20.961761474609375,16.66860859069221,60.125,60,3573,1.132,4.8125,620,0,0,181,0,629,-44,taborsky.de,3Aas8yBKTY3wA5dAknm62bNMbvR1qd4wgM.bitaxe1,BM1370,601,v2.7.1,ONLINE
2025-05-29T19:55:02.109167,Gamma-2,192.168.1.46,1371.550909162483,1.3715509091624831,20.87158203125,15.217504426426954,60.25,58,3827,1.125,5.0546875,620,0,0,179,0,573,-40,taborsky.de,3Aas8yBKTY3wA5dAknm62bNMbvR1qd4wgM.bitaxe2,BM1370,601,v2.7.1,ONLINE
2025-05-29T19:55:02.110166,Gamma-3,192.168.1.47,1244.2688891849368,1.2442688891849367,18.658203125,14.995314346581575,59.875,54,2612,1.132,5.1015625,620,0,0,141,0,522,-56,taborsky.de,3Aas8yBKTY3wA5dAknm62bNMbvR1qd4wgM.bitaxe3,BM1370,601,v2.7.1,ONLINE
2025-05-29T19:56:03.138162,Gamma-1,192.168.1.45,1232.4403258563812,1.2324403258563812,20.961761474609375,17.00833787635418,60,60,3721,1.133,4.890625,620,0,0,196,0,690,-44,taborsky.de,3Aas8yBKTY3wA5dAknm62bNMbvR1qd4wgM.bitaxe1,BM1370,601,v2.7.1,ONLINE
2025-05-29T19:56:03.139162,Gamma-2,192.168.1.46,1114.7661198733076,1.1147661198733076,20.8447265625,18.69874423961592,60,58,3805,1.129,5.0625,620,0,0,194,0,634,-40,taborsky.de,3Aas8yBKTY3wA5dAknm62bNMbvR1qd4wgM.bitaxe2,BM1370,601,v2.7.1,ONLINE
2025-05-29T19:56:03.140160,Gamma-3,192.168.1.47,1081.1469364438444,1.0811469364438444,18.6943359375,17.291207427355086,59.75,54,2538,1.13,5.1015625,620,0,0,159,0,583,-59,taborsky.de,3Aas8yBKTY3wA5dAknm62bNMbvR1qd4wgM.bitaxe3,BM1370,601,v2.7.1,ONLINE
2025-05-29T19:57:03.806366,Gamma-1,192.168.1.45,1229.5748576062883,1.2295748576062884,20.853546142578125,16.959964668743627,60,60,3490,1.129,4.890625,620,0,0,214,0,751,-44,taborsky.de,3Aas8yBKTY3wA5dAknm62bNMbvR1qd4wgM.bitaxe1,BM1370,601,v2.7.1,ONLINE
2025-05-29T19:57:03.807367,Gamma-2,192.168.1.46,1140.9179893764654,1.1409179893764654,20.8087158203125,18.238572810728385,60,58,3651,1.129,5.0546875,620,0,0,213,0,695,-40,taborsky.de,3Aas8yBKTY3wA5dAknm62bNMbvR1qd4wgM.bitaxe2,BM1370,601,v2.7.1,ONLINE
2025-05-29T19:57:03.809362,Gamma-3,192.168.1.47,1317.2717333110752,1.3172717333110753,18.6220703125,14.136848033390827,60,54,2617,1.132,5.1015625,620,0,0,180,0,643,-54,taborsky.de,3Aas8yBKTY3wA5dAknm62bNMbvR1qd4wgM.bitaxe3,BM1370,601,v2.7.1,ONLINE
2025-05-29T19:58:05.101669,Gamma-1,192.168.1.45,1209.917266728313,1.2099172667283131,20.889617919921875,17.265327551204077,59.5,59,3411,1.133,4.8984375,620,0,0,232,0,811,-44,taborsky.de,3Aas8yBKTY3wA5dAknm62bNMbvR1qd4wgM.bitaxe1,BM1370,601,v2.7.1,ONLINE
2025-05-29T19:58:05.102668,Gamma-2,192.168.1.46,1286.271412805599,1.286271412805599,20.772705078125,16.149550453598156,59.5,59,3701,1.13,5.0625,620,0,0,233,0,756,-40,taborsky.de,3Aas8yBKTY3wA5dAknm62bNMbvR1qd4wgM.bitaxe2,BM1370,601,v2.7.1,ONLINE
2025-05-29T19:58:05.103667,Gamma-3,192.168.1.47,1544.177882129361,1.544177882129361,18.658203125,12.08293639024998,60.125,54,2617,1.131,5.1015625,620,0,0,201,0,704,-58,taborsky.de,3Aas8yBKTY3wA5dAknm62bNMbvR1qd4wgM.bitaxe3,BM1370,601,v2.7.1,ONLINE
2025-05-29T19:59:05.349760,Gamma-1,192.168.1.45,1297.3969965366493,1.2973969965366494,20.925689697265625,16.128979605414486,60,59,3721,1.136,4.890625,620,0,0,251,0,872,-44,taborsky.de,3Aas8yBKTY3wA5dAknm62bNMbvR1qd4wgM.bitaxe1,BM1370,601,v2.7.1,ONLINE
2025-05-29T19:59:05.350759,Gamma-2,192.168.1.46,1383.0966445977842,1.3830966445977841,20.86273193359375,15.084073853465824,60,59,3848,1.129,5.0625,620,0,0,254,0,816,-40,taborsky.de,3Aas8yBKTY3wA5dAknm62bNMbvR1qd4wgM.bitaxe2,BM1370,601,v2.7.1,ONLINE
2025-05-29T19:59:05.352758,Gamma-3,192.168.1.47,1478.1001417269351,1.478100141726935,18.6943359375,12.647543566066176,60,54,2627,1.133,5.1015625,620,0,0,223,0,764,-57,taborsky.de,3Aas8yBKTY3wA5dAknm62bNMbvR1qd4wgM.bitaxe3,BM1370,601,v2.7.1,ONLINE
2025-05-29T20:00:05.591024,Gamma-1,192.168.1.45,1413.1985180730767,1.4131985180730766,20.7994384765625,14.717987749465612,59.5,59,3527,1.133,4.8984375,620,0,0,274,0,932,-44,taborsky.de,3Aas8yBKTY3wA5dAknm62bNMbvR1qd4wgM.bitaxe1,BM1370,601,v2.7.1,ONLINE
2025-05-29T20:00:05.592024,Gamma-2,192.168.1.46,1376.255579000173,1.376255579000173,20.772705078125,15.09363914311325,59.75,59,3805,1.126,5.0625,620,0,0,274,0,877,-40,taborsky.de,3Aas8yBKTY3wA5dAknm62bNMbvR1qd4wgM.bitaxe2,BM1370,601,v2.7.1,ONLINE
2025-05-29T20:00:05.593025,Gamma-3,192.168.1.47,1222.4210845657033,1.2224210845657033,18.60400390625,15.21898152866003,60,54,2612,1.134,5.1015625,620,0,0,243,0,825,-55,taborsky.de,3Aas8yBKTY3wA5dAknm62bNMbvR1qd4wgM.bitaxe3,BM1370,601,v2.7.1,ONLINE
2025-05-29T20:01:06.633996,Gamma-1,192.168.1.45,1393.1321789194317,1.3931321789194318,20.889617919921875,14.994713521099403,60.25,59,3721,1.132,4.890625,620,0,0,295,0,993,-44,taborsky.de,3Aas8yBKTY3wA5dAknm62bNMbvR1qd4wgM.bitaxe1,BM1370,601,v2.7.1,ONLINE
2025-05-29T20:01:06.634994,Gamma-2,192.168.1.46,1354.5129118834495,1.3545129118834496,20.86273193359375,15.402386902745823,60.375,59,3816,1.126,5.0546875,620,0,0,288,0,937,-40,taborsky.de,3Aas8yBKTY3wA5dAknm62bNMbvR1qd4wgM.bitaxe2,BM1370,601,v2.7.1,ONLINE
2025-05-29T20:01:06.637000,Gamma-3,192.168.1.47,1396.8849777475991,1.3968849777475991,18.6220703125,13.331140794804075,60.125,54,2597,1.134,5.109375,620,0,0,261,0,886,-56,taborsky.de,3Aas8yBKTY3wA5dAknm62bNMbvR1qd4wgM.bitaxe3,BM1370,601,v2.7.1,ONLINE
2025-05-29T20:02:06.804190,Gamma-1,192.168.1.45,1548.2154211270383,1.5482154211270382,20.90765380859375,13.504357031512981,58.25,58,2837,1.129,4.8671875,630,0,0,2,0,30,-44,taborsky.de,3Aas8yBKTY3wA5dAknm62bNMbvR1qd4wgM.bitaxe1,BM1370,601,v2.7.1,ONLINE
2025-05-29T20:02:06.804190,Gamma-2,192.168.1.46,1283.7328943326004,1.2837328943326003,20.8087158203125,16.209536977807787,59.875,58,3763,1.129,5.0546875,620,0,0,308,0,997,-40,taborsky.de,3Aas8yBKTY3wA5dAknm62bNMbvR1qd4wgM.bitaxe2,BM1370,601,v2.7.1,ONLINE
2025-05-29T20:02:06.806711,Gamma-3,192.168.1.47,1327.5536988242504,1.3275536988242504,18.56787109375,13.986531098662644,60.125,54,2617,1.132,5.109375,620,0,0,279,0,946,-61,taborsky.de,3Aas8yBKTY3wA5dAknm62bNMbvR1qd4wgM.bitaxe3,BM1370,601,v2.7.1,ONLINE
2025-05-29T20:03:07.008969,Gamma-1,192.168.1.45,1193.8423533752944,1.1938423533752944,21.178192138671875,17.739521536319906,60.75,59,3661,1.132,4.8671875,630,0,0,12,0,91,-44,taborsky.de,3Aas8yBKTY3wA5dAknm62bNMbvR1qd4wgM.bitaxe1,BM1370,601,v2.7.1,ONLINE
2025-05-29T20:03:07.009969,Gamma-2,192.168.1.46,1237.4359584718245,1.2374359584718244,20.8807373046875,16.874196326470287,59.25,57,2930,1.129,5.0546875,630,0,0,3,0,35,-40,taborsky.de,3Aas8yBKTY3wA5dAknm62bNMbvR1qd4wgM.bitaxe2,BM1370,601,v2.7.1,ONLINE
2025-05-29T20:03:07.010969,Gamma-3,192.168.1.47,1309.062014985908,1.309062014985908,18.60400390625,14.211705551971326,60,54,2617,1.132,5.1015625,620,0,0,306,0,1006,-56,taborsky.de,3Aas8yBKTY3wA5dAknm62bNMbvR1qd4wgM.bitaxe3,BM1370,601,v2.7.1,ONLINE
2025-05-29T20:04:07.395981,Gamma-1,192.168.1.45,1242.38035001075,1.24238035001075,21.106048583984375,16.98839536845681,60,59,3490,1.129,4.8828125,630,0,0,34,0,151,-44,taborsky.de,3Aas8yBKTY3wA5dAknm62bNMbvR1qd4wgM.bitaxe1,BM1370,601,v2.7.1,ONLINE
2025-05-29T20:04:07.396984,Gamma-2,192.168.1.46,1061.4111976409206,1.0614111976409206,21.11480712890625,19.893145254012545,60.5,58,3848,1.129,5.0546875,630,0,0,17,0,95,-40,taborsky.de,3Aas8yBKTY3wA5dAknm62bNMbvR1qd4wgM.bitaxe2,BM1370,601,v2.7.1,ONLINE
2025-05-29T20:04:07.398981,Gamma-3,192.168.1.47,1222.8592730605887,1.2228592730605887,18.53173828125,15.154432476002341,57.75,53,2300,1.129,5.1015625,630,0,0,10,0,43,-57,taborsky.de,3Aas8yBKTY3wA5dAknm62bNMbvR1qd4wgM.bitaxe3,BM1370,601,v2.7.1,ONLINE
2025-05-29T20:05:07.543418,Gamma-1,192.168.1.45,1145.034691047767,1.145034691047767,21.142120361328125,18.464174515081265,60.125,59,3904,1.131,4.859375,630,0,0,53,0,211,-44,taborsky.de,3Aas8yBKTY3wA5dAknm62bNMbvR1qd4wgM.bitaxe1,BM1370,601,v2.7.1,ONLINE
2025-05-29T20:05:07.544416,Gamma-2,192.168.1.46,1236.172824835544,1.236172824835544,21.07879638671875,17.051658120314205,60.125,58,3904,1.129,5.0546875,630,0,0,32,0,155,-40,taborsky.de,3Aas8yBKTY3wA5dAknm62bNMbvR1qd4wgM.bitaxe2,BM1370,601,v2.7.1,ONLINE
2025-05-29T20:05:07.546418,Gamma-3,192.168.1.47,1406.1666545040177,1.4061666545040177,18.802734375,13.371625841626923,60.125,54,2706,1.134,5.1015625,630,0,0,36,0,104,-56,taborsky.de,3Aas8yBKTY3wA5dAknm62bNMbvR1qd4wgM.bitaxe3,BM1370,601,v2.7.1,ONLINE
2025-05-29T20:06:07.670937,Gamma-1,192.168.1.45,1188.8505358748946,1.1888505358748946,21.106048583984375,17.753323859548154,59.5,60,3752,1.129,4.859375,630,0,0,74,0,271,-44,taborsky.de,3Aas8yBKTY3wA5dAknm62bNMbvR1qd4wgM.bitaxe1,BM1370,601,v2.7.1,ONLINE
2025-05-29T20:06:07.671939,Gamma-2,192.168.1.46,1558.189183797547,1.558189183797547,21.07879638671875,13.527751704286946,60.125,58,3997,1.129,5.0546875,630,0,0,54,0,215,-40,taborsky.de,3Aas8yBKTY3wA5dAknm62bNMbvR1qd4wgM.bitaxe2,BM1370,601,v2.7.1,ONLINE
2025-05-29T20:06:07.673940,Gamma-3,192.168.1.47,1417.8071976484425,1.4178071976484425,18.8388671875,13.287326527010098,59.875,54,2701,1.133,5.1015625,630,0,0,57,0,164,-54,taborsky.de,3Aas8yBKTY3wA5dAknm62bNMbvR1qd4wgM.bitaxe3,BM1370,601,v2.7.1,ONLINE
2025-05-29T20:07:07.812524,Gamma-1,192.168.1.45,1350.4734378137339,1.350473437813734,21.2322998046875,15.722115822626048,60.375,60,3773,1.129,4.8515625,630,0,0,96,0,331,-44,taborsky.de,3Aas8yBKTY3wA5dAknm62bNMbvR1qd4wgM.bitaxe1,BM1370,601,v2.7.1,ONLINE
2025-05-29T20:07:07.813524,Gamma-2,192.168.1.46,1300.9782011577838,1.3009782011577837,21.11480712890625,16.22994690465642,60.125,59,3938,1.126,5.0546875,630,0,0,71,0,276,-40,taborsky.de,3Aas8yBKTY3wA5dAknm62bNMbvR1qd4wgM.bitaxe2,BM1370,601,v2.7.1,ONLINE
2025-05-29T20:07:07.815526,Gamma-3,192.168.1.47,1135.7393505990308,1.1357393505990308,18.802734375,16.55550137017155,59.875,54,2632,1.134,5.109375,630,0,0,74,0,224,-63,taborsky.de,3Aas8yBKTY3wA5dAknm62bNMbvR1qd4wgM.bitaxe3,BM1370,601,v2.7.1,ONLINE
2025-05-29T20:08:08.407198,Gamma-1,192.168.1.45,1350.7927094009972,1.3507927094009973,21.19622802734375,15.691695609419686,60.25,60,3837,1.129,4.859375,630,0,0,116,0,392,-44,taborsky.de,3Aas8yBKTY3wA5dAknm62bNMbvR1qd4wgM.bitaxe1,BM1370,601,v2.7.1,ONLINE
2025-05-29T20:08:08.408205,Gamma-2,192.168.1.46,1129.0270758360982,1.1290270758360983,21.07879638671875,18.66987677962364,60.25,58,4020,1.129,5.0546875,630,0,0,94,0,336,-40,taborsky.de,3Aas8yBKTY3wA5dAknm62bNMbvR1qd4wgM.bitaxe2,BM1370,601,v2.7.1,ONLINE
2025-05-29T20:08:08.410205,Gamma-3,192.168.1.47,1165.7282310706437,1.1657282310706436,18.8388671875,16.16059960235994,60.125,54,2723,1.134,5.1015625,630,0,0,90,0,284,-57,taborsky.de,3Aas8yBKTY3wA5dAknm62bNMbvR1qd4wgM.bitaxe3,BM1370,601,v2.7.1,ONLINE
2025-05-29T20:09:08.714585,Gamma-1,192.168.1.45,1319.6717280369135,1.3196717280369135,21.16015625,16.034409012820888,59.75,60,3827,1.129,4.859375,630,0,0,137,0,452,-44,taborsky.de,3Aas8yBKTY3wA5dAknm62bNMbvR1qd4wgM.bitaxe1,BM1370,601,v2.7.1,ONLINE
2025-05-29T20:09:08.715581,Gamma-2,192.168.1.46,1642.7626585893456,1.6427626585893456,21.04278564453125,12.80938882711205,60,58,3985,1.129,5.0546875,630,0,0,118,0,396,-40,taborsky.de,3Aas8yBKTY3wA5dAknm62bNMbvR1qd4wgM.bitaxe2,BM1370,601,v2.7.1,ONLINE
2025-05-29T20:09:08.717581,Gamma-3,192.168.1.47,1288.5010334787862,1.2885010334787863,18.875,14.648804703741632,59.75,54,2617,1.129,5.1015625,630,0,0,108,0,345,-58,taborsky.de,3Aas8yBKTY3wA5dAknm62bNMbvR1qd4wgM.bitaxe3,BM1370,601,v2.7.1,ONLINE
2025-05-29T20:10:08.919601,Gamma-1,192.168.1.45,1360.692001894499,1.360692001894499,21.19622802734375,15.57753554649555,59.75,60,3827,1.129,4.8515625,630,0,0,161,0,512,-44,taborsky.de,3Aas8yBKTY3wA5dAknm62bNMbvR1qd4wgM.bitaxe1,BM1370,601,v2.7.1,ONLINE
2025-05-29T20:10:08.920604,Gamma-2,192.168.1.46,1460.9400792084243,1.4609400792084244,21.11480712890625,14.452890593806424,59.875,59,4044,1.129,5.0546875,630,0,0,133,0,457,-40,taborsky.de,3Aas8yBKTY3wA5dAknm62bNMbvR1qd4wgM.bitaxe2,BM1370,601,v2.7.1,ONLINE
2025-05-29T20:10:08.921605,Gamma-3,192.168.1.47,1274.826189459097,1.2748261894590969,18.8388671875,14.777596619264033,59.875,54,2643,1.131,5.1015625,630,0,0,131,0,405,-63,taborsky.de,3Aas8yBKTY3wA5dAknm62bNMbvR1qd4wgM.bitaxe3,BM1370,601,v2.7.1,ONLINE
2025-05-29T20:11:09.131979,Gamma-1,192.168.1.45,1519.4771477144905,1.5194771477144904,21.2322998046875,13.973424895941276,60,60,3859,1.132,4.859375,630,0,0,176,0,573,-44,taborsky.de,3Aas8yBKTY3wA5dAknm62bNMbvR1qd4wgM.bitaxe1,BM1370,601,v2.7.1,ONLINE
2025-05-29T20:11:09.132980,Gamma-2,192.168.1.46,1345.6696244466107,1.3456696244466106,21.11480712890625,15.690929441607514,60.25,59,3997,1.123,5.0546875,630,0,0,154,0,517,-40,taborsky.de,3Aas8yBKTY3wA5dAknm62bNMbvR1qd4wgM.bitaxe2,BM1370,601,v2.7.1,ONLINE
2025-05-29T20:11:09.135982,Gamma-3,192.168.1.47,1473.3048243815788,1.4733048243815787,18.875,12.81133387174158,59.875,54,2643,1.134,5.1015625,630,0,0,155,0,465,-56,taborsky.de,3Aas8yBKTY3wA5dAknm62bNMbvR1qd4wgM.bitaxe3,BM1370,601,v2.7.1,ONLINE
2025-05-29T20:12:09.455399,Gamma-1,192.168.1.45,1288.8186741057957,1.2888186741057956,21.142120361328125,16.404262900672887,59.75,60,3784,1.132,4.8671875,630,0,0,196,0,633,-44,taborsky.de,3Aas8yBKTY3wA5dAknm62bNMbvR1qd4wgM.bitaxe1,BM1370,601,v2.7.1,ONLINE
2025-05-29T20:12:09.456400,Gamma-2,192.168.1.46,1300.2270234961086,1.3002270234961086,21.07879638671875,16.211627666406393,59.875,59,4020,1.129,5.0546875,630,0,0,171,0,577,-40,taborsky.de,3Aas8yBKTY3wA5dAknm62bNMbvR1qd4wgM.bitaxe2,BM1370,601,v2.7.1,ONLINE
2025-05-29T20:12:09.458401,Gamma-3,192.168.1.47,1503.6586617129053,1.5036586617129053,18.875,12.552715905947954,59.875,54,2627,1.133,5.1015625,630,0,0,178,0,526,-57,taborsky.de,3Aas8yBKTY3wA5dAknm62bNMbvR1qd4wgM.bitaxe3,BM1370,601,v2.7.1,ONLINE
2025-05-29T20:13:09.781973,Gamma-1,192.168.1.45,1407.871611775137,1.4078716117751369,21.19622802734375,15.055512058104613,60.125,60,3721,1.132,4.859375,630,0,0,214,0,693,-44,taborsky.de,3Aas8yBKTY3wA5dAknm62bNMbvR1qd4wgM.bitaxe1,BM1370,601,v2.7.1,ONLINE
2025-05-29T20:13:09.782970,Gamma-2,192.168.1.46,1212.6878147993207,1.2126878147993208,21.15081787109375,17.441271869787734,60.125,59,3985,1.125,5.0546875,630,0,0,187,0,638,-40,taborsky.de,3Aas8yBKTY3wA5dAknm62bNMbvR1qd4wgM.bitaxe2,BM1370,601,v2.7.1,ONLINE
2025-05-29T20:13:09.784972,Gamma-3,192.168.1.47,1356.66364272776,1.3566636427277599,18.8388671875,13.886173841602957,60,54,2617,1.134,5.1015625,630,0,0,201,0,586,-57,taborsky.de,3Aas8yBKTY3wA5dAknm62bNMbvR1qd4wgM.bitaxe3,BM1370,601,v2.7.1,ONLINE
2025-05-29T20:14:09.965284,Gamma-1,192.168.1.45,1498.44046839198,1.4984404683919799,21.16015625,14.121452734593841,60,60,3752,1.132,4.8515625,630,0,0,235,0,753,-44,taborsky.de,3Aas8yBKTY3wA5dAknm62bNMbvR1qd4wgM.bitaxe1,BM1370,601,v2.7.1,ONLINE
2025-05-29T20:14:09.966288,Gamma-2,192.168.1.46,1218.8438022414668,1.218843802241467,21.07879638671875,17.29409162023437,59.875,59,3848,1.122,5.0546875,630,0,0,206,0,698,-40,taborsky.de,3Aas8yBKTY3wA5dAknm62bNMbvR1qd4wgM.bitaxe2,BM1370,601,v2.7.1,ONLINE
2025-05-29T20:14:09.968287,Gamma-3,192.168.1.47,1345.9598580616134,1.3459598580616134,18.8388671875,13.99660404035439,59.875,54,2622,1.133,5.1015625,630,0,0,220,0,646,-63,taborsky.de,3Aas8yBKTY3wA5dAknm62bNMbvR1qd4wgM.bitaxe3,BM1370,601,v2.7.1,ONLINE
2025-05-29T20:15:10.540151,Gamma-1,192.168.1.45,1238.1768188069968,1.2381768188069968,21.16015625,17.089769351673173,60,60,3631,1.132,4.8515625,630,0,0,249,0,814,-44,taborsky.de,3Aas8yBKTY3wA5dAknm62bNMbvR1qd4wgM.bitaxe1,BM1370,601,v2.7.1,ONLINE
2025-05-29T20:15:10.541153,Gamma-2,192.168.1.46,1256.1319686368136,1.2561319686368135,21.11480712890625,16.809386000915634,60.125,59,3870,1.131,5.0546875,630,0,0,225,0,758,-40,taborsky.de,3Aas8yBKTY3wA5dAknm62bNMbvR1qd4wgM.bitaxe2,BM1370,601,v2.7.1,ONLINE
2025-05-29T20:15:10.542152,Gamma-3,192.168.1.47,1411.3268189661262,1.411326818966126,18.875,13.37393986024227,60.125,54,2617,1.131,5.1015625,630,0,0,242,0,707,-61,taborsky.de,3Aas8yBKTY3wA5dAknm62bNMbvR1qd4wgM.bitaxe3,BM1370,601,v2.7.1,ONLINE
2025-05-29T20:16:10.737164,Gamma-1,192.168.1.45,1264.8476865584719,1.264847686558472,21.16015625,16.729410564504203,59.625,60,3784,1.129,4.8359375,630,0,0,263,0,874,-44,taborsky.de,3Aas8yBKTY3wA5dAknm62bNMbvR1qd4wgM.bitaxe1,BM1370,601,v2.7.1,ONLINE
2025-05-29T20:16:10.738169,Gamma-2,192.168.1.46,1346.7323671416812,1.346732367141681,21.04278564453125,15.625068616411648,59.875,59,3893,1.126,5.0546875,630,0,0,242,0,818,-40,taborsky.de,3Aas8yBKTY3wA5dAknm62bNMbvR1qd4wgM.bitaxe2,BM1370,601,v2.7.1,ONLINE
2025-05-29T20:16:10.739169,Gamma-3,192.168.1.47,1296.685022374007,1.2966850223740072,18.875,14.556349209188152,60.125,54,2648,1.133,5.1015625,630,0,0,252,0,767,-61,taborsky.de,3Aas8yBKTY3wA5dAknm62bNMbvR1qd4wgM.bitaxe3,BM1370,601,v2.7.1,ONLINE
2025-05-29T20:17:10.892523,Gamma-1,192.168.1.45,1290.3846898608704,1.2903846898608704,21.106048583984375,16.35640034311011,59.375,60,3691,1.133,4.828125,630,0,0,276,0,934,-44,taborsky.de,3Aas8yBKTY3wA5dAknm62bNMbvR1qd4wgM.bitaxe1,BM1370,601,v2.7.1,ONLINE
2025-05-29T20:17:10.893525,Gamma-2,192.168.1.46,1490.675160502479,1.490675160502479,21.04278564453125,14.116278450254793,59.5,58,3870,1.126,5.0546875,630,0,0,258,0,879,-40,taborsky.de,3Aas8yBKTY3wA5dAknm62bNMbvR1qd4wgM.bitaxe2,BM1370,601,v2.7.1,ONLINE
2025-05-29T20:17:10.895533,Gamma-3,192.168.1.47,1363.792911470284,1.363792911470284,18.802734375,13.787089093115364,59.75,54,2622,1.134,5.1015625,630,0,0,273,0,827,-61,taborsky.de,3Aas8yBKTY3wA5dAknm62bNMbvR1qd4wgM.bitaxe3,BM1370,601,v2.7.1,ONLINE
2025-05-29T20:18:11.188178,Gamma-1,192.168.1.45,1467.5628623601758,1.4675628623601757,21.19622802734375,14.44314827731153,60.25,60,3893,1.129,4.828125,630,0,0,299,0,995,-43,taborsky.de,3Aas8yBKTY3wA5dAknm62bNMbvR1qd4wgM.bitaxe1,BM1370,601,v2.7.1,ONLINE
2025-05-29T20:18:11.189180,Gamma-2,192.168.1.46,1489.7259720047489,1.4897259720047489,21.11480712890625,14.173618185961882,59.875,58,3904,1.129,5.0546875,630,0,0,275,0,939,-39,taborsky.de,3Aas8yBKTY3wA5dAknm62bNMbvR1qd4wgM.bitaxe2,BM1370,601,v2.7.1,ONLINE
2025-05-29T20:18:11.192180,Gamma-3,192.168.1.47,1279.011045972537,1.279011045972537,18.8388671875,14.72924510450593,60.125,54,2627,1.133,5.1015625,630,0,0,290,0,887,-62,taborsky.de,3Aas8yBKTY3wA5dAknm62bNMbvR1qd4wgM.bitaxe3,BM1370,601,v2.7.1,ONLINE
2025-05-29T20:19:11.402558,Gamma-1,192.168.1.45,1722.3865602716558,1.7223865602716557,21.178192138671875,12.2958414952632,59,59,2855,1.129,4.8984375,640,0,0,9,0,32,-44,taborsky.de,3Aas8yBKTY3wA5dAknm62bNMbvR1qd4wgM.bitaxe1,BM1370,601,v2.7.1,ONLINE
2025-05-29T20:19:11.403558,Gamma-2,192.168.1.46,1295.2169243895544,1.2952169243895544,21.11480712890625,16.302139611754857,59.875,59,3904,1.125,5.0546875,630,0,0,296,0,999,-40,taborsky.de,3Aas8yBKTY3wA5dAknm62bNMbvR1qd4wgM.bitaxe2,BM1370,601,v2.7.1,ONLINE
2025-05-29T20:19:11.405557,Gamma-3,192.168.1.47,1212.44686484795,1.21244686484795,18.802734375,15.50808940180484,60.125,54,2617,1.129,5.1015625,630,0,0,307,0,948,-61,taborsky.de,3Aas8yBKTY3wA5dAknm62bNMbvR1qd4wgM.bitaxe3,BM1370,601,v2.7.1,ONLINE
2025-05-29T20:20:11.641055,Gamma-1,192.168.1.45,1412.5573940437878,1.4125573940437879,21.3765869140625,15.133251933124528,60.625,60,3711,1.129,4.859375,640,0,0,26,0,92,-44,taborsky.de,3Aas8yBKTY3wA5dAknm62bNMbvR1qd4wgM.bitaxe1,BM1370,601,v2.7.1,ONLINE
2025-05-29T20:20:11.642055,Gamma-2,192.168.1.46,1349.1555264943177,1.3491555264943176,21.29486083984375,15.783844354236088,59.75,57,3056,1.12,5.0546875,640,0,0,8,0,36,-40,taborsky.de,3Aas8yBKTY3wA5dAknm62bNMbvR1qd4wgM.bitaxe2,BM1370,601,v2.7.1,ONLINE
2025-05-29T20:20:11.643053,Gamma-3,192.168.1.47,1580.924767914036,1.580924767914036,18.875,11.939214555354695,60,54,2632,1.133,5.1015625,630,0,0,326,0,1008,-59,taborsky.de,3Aas8yBKTY3wA5dAknm62bNMbvR1qd4wgM.bitaxe3,BM1370,601,v2.7.1,ONLINE
2025-05-29T20:21:11.847668,Gamma-1,192.168.1.45,1396.1469393171024,1.3961469393171024,21.41265869140625,15.336966395442465,60.25,60,3651,1.133,4.78125,640,0,0,40,0,152,-44,taborsky.de,3Aas8yBKTY3wA5dAknm62bNMbvR1qd4wgM.bitaxe1,BM1370,601,v2.7.1,ONLINE
2025-05-29T20:21:11.848669,Gamma-2,192.168.1.46,1302.239902665914,1.3022399026659142,21.384885787963867,16.42161766367721,60.5,58,3904,1.125,5.0546875,640,0,0,22,0,97,-40,taborsky.de,3Aas8yBKTY3wA5dAknm62bNMbvR1qd4wgM.bitaxe2,BM1370,601,v2.7.1,ONLINE
2025-05-29T20:21:11.850672,Gamma-3,192.168.1.47,1341.041238290737,1.341041238290737,18.8388671875,14.04794024940771,58.375,53,2289,1.131,5.1015625,640,0,0,8,0,45,-61,taborsky.de,3Aas8yBKTY3wA5dAknm62bNMbvR1qd4wgM.bitaxe3,BM1370,601,v2.7.1,ONLINE
2025-05-29T20:22:12.194688,Gamma-1,192.168.1.45,1216.2832268147777,1.2162832268147776,21.41265869140625,17.604993819969113,59.875,61,3859,1.13,4.8203125,640,0,0,59,0,213,-44,taborsky.de,3Aas8yBKTY3wA5dAknm62bNMbvR1qd4wgM.bitaxe1,BM1370,601,v2.7.1,ONLINE
2025-05-29T20:22:12.195691,Gamma-2,192.168.1.46,1199.1677375710663,1.1991677375710663,21.3128662109375,17.773048376123807,59.75,59,3973,1.126,5.0546875,640,0,0,40,0,157,-40,taborsky.de,3Aas8yBKTY3wA5dAknm62bNMbvR1qd4wgM.bitaxe2,BM1370,601,v2.7.1,ONLINE
2025-05-29T20:22:12.196694,Gamma-3,192.168.1.47,1379.531328729047,1.379531328729047,19.01953125,13.786951302891083,60.125,54,2648,1.131,5.1015625,640,0,0,26,0,105,-58,taborsky.de,3Aas8yBKTY3wA5dAknm62bNMbvR1qd4wgM.bitaxe3,BM1370,601,v2.7.1,ONLINE
2025-05-29T20:23:12.417523,Gamma-1,192.168.1.45,1309.0972734691427,1.3090972734691426,21.3765869140625,16.32925783842936,59.5,61,3827,1.132,4.828125,640,0,0,75,0,273,-44,taborsky.de,3Aas8yBKTY3wA5dAknm62bNMbvR1qd4wgM.bitaxe1,BM1370,601,v2.7.1,ONLINE
2025-05-29T20:23:12.418522,Gamma-2,192.168.1.46,1296.9689144785384,1.2969689144785383,21.3128662109375,16.432827319925853,60,59,4069,1.126,5.0546875,640,0,0,55,0,217,-40,taborsky.de,3Aas8yBKTY3wA5dAknm62bNMbvR1qd4wgM.bitaxe2,BM1370,601,v2.7.1,ONLINE
2025-05-29T20:23:12.420521,Gamma-3,192.168.1.47,1307.5089823362828,1.3075089823362829,19.03759765625,14.560204108298548,60,54,2701,1.133,5.1015625,640,0,0,48,0,165,-59,taborsky.de,3Aas8yBKTY3wA5dAknm62bNMbvR1qd4wgM.bitaxe3,BM1370,601,v2.7.1,ONLINE
2025-05-29T20:24:12.648660,Gamma-1,192.168.1.45,1311.6807272540232,1.3116807272540232,21.502838134765625,16.393347624906692,60.25,61,3837,1.133,4.8359375,640,0,0,86,0,333,-44,taborsky.de,3Aas8yBKTY3wA5dAknm62bNMbvR1qd4wgM.bitaxe1,BM1370,601,v2.7.1,ONLINE
2025-05-29T20:24:12.649656,Gamma-2,192.168.1.46,1406.9896425934044,1.4069896425934043,21.34051513671875,15.167499810008048,60,59,3973,1.126,5.0546875,640,0,0,77,0,277,-40,taborsky.de,3Aas8yBKTY3wA5dAknm62bNMbvR1qd4wgM.bitaxe2,BM1370,601,v2.7.1,ONLINE
2025-05-29T20:24:12.651656,Gamma-3,192.168.1.47,1279.8277393113567,1.2798277393113566,19.03759765625,14.875125043385648,60,54,2717,1.133,5.1015625,640,0,0,64,0,226,-60,taborsky.de,3Aas8yBKTY3wA5dAknm62bNMbvR1qd4wgM.bitaxe3,BM1370,601,v2.7.1,ONLINE
2025-05-29T20:25:12.913780,Gamma-1,192.168.1.45,1215.61129775139,1.2156112977513902,21.466766357421875,17.659235643112734,59.875,61,3711,1.133,4.8125,640,0,0,99,0,393,-45,taborsky.de,3Aas8yBKTY3wA5dAknm62bNMbvR1qd4wgM.bitaxe1,BM1370,601,v2.7.1,ONLINE
2025-05-29T20:25:12.914781,Gamma-2,192.168.1.46,1275.9272285713944,1.2759272285713943,21.348876953125,16.732049034668304,60.125,59,3961,1.131,5.0546875,640,0,0,94,0,338,-40,taborsky.de,3Aas8yBKTY3wA5dAknm62bNMbvR1qd4wgM.bitaxe2,BM1370,601,v2.7.1,ONLINE
2025-05-29T20:25:12.916781,Gamma-3,192.168.1.47,1302.4533045552,1.3024533045552,19.07373046875,14.644463952789353,60.125,54,2717,1.13,5.1015625,640,0,0,77,0,286,-54,taborsky.de,3Aas8yBKTY3wA5dAknm62bNMbvR1qd4wgM.bitaxe3,BM1370,601,v2.7.1,ONLINE
2025-05-29T20:26:13.053598,Gamma-1,192.168.1.45,1370.079608741447,1.3700796087414469,21.430694580078125,15.641933828768044,60,61,3915,1.133,4.8359375,640,0,0,124,0,454,-44,taborsky.de,3Aas8yBKTY3wA5dAknm62bNMbvR1qd4wgM.bitaxe1,BM1370,601,v2.7.1,ONLINE
2025-05-29T20:26:13.054601,Gamma-2,192.168.1.46,1382.9810769122396,1.3829810769122395,21.29486083984375,15.397796249959152,59.625,58,3938,1.129,5.0546875,640,0,0,111,0,398,-40,taborsky.de,3Aas8yBKTY3wA5dAknm62bNMbvR1qd4wgM.bitaxe2,BM1370,601,v2.7.1,ONLINE
2025-05-29T20:26:13.055604,Gamma-3,192.168.1.47,1097.3848118900864,1.0973848118900864,19.07373046875,17.381077505436092,59.875,54,2648,1.133,5.1015625,640,0,0,90,0,346,-55,taborsky.de,3Aas8yBKTY3wA5dAknm62bNMbvR1qd4wgM.bitaxe3,BM1370,601,v2.7.1,ONLINE
2025-05-29T20:27:13.329124,Gamma-1,192.168.1.45,1473.154317309421,1.473154317309421,21.466766357421875,14.57197396443091,60.125,61,3794,1.133,4.8203125,640,0,0,143,0,514,-45,taborsky.de,3Aas8yBKTY3wA5dAknm62bNMbvR1qd4wgM.bitaxe1,BM1370,601,v2.7.1,ONLINE
2025-05-29T20:27:13.329124,Gamma-2,192.168.1.46,1256.7891318967418,1.2567891318967417,21.348876953125,16.986840840121964,60.125,59,3950,1.129,5.0546875,640,0,0,127,0,458,-40,taborsky.de,3Aas8yBKTY3wA5dAknm62bNMbvR1qd4wgM.bitaxe2,BM1370,601,v2.7.1,ONLINE
2025-05-29T20:27:13.331130,Gamma-3,192.168.1.47,1327.4140940911443,1.3274140940911443,19.10986328125,14.396308858189553,60,55,2796,1.133,5.1015625,640,0,0,110,0,406,-57,taborsky.de,3Aas8yBKTY3wA5dAknm62bNMbvR1qd4wgM.bitaxe3,BM1370,601,v2.7.1,ONLINE
2025-05-29T20:28:13.512294,Gamma-1,192.168.1.45,1480.3885026766118,1.4803885026766117,21.430694580078125,14.476398959685532,60.125,61,3927,1.133,4.8359375,640,0,0,165,0,574,-44,taborsky.de,3Aas8yBKTY3wA5dAknm62bNMbvR1qd4wgM.bitaxe1,BM1370,601,v2.7.1,ONLINE
2025-05-29T20:28:13.513297,Gamma-2,192.168.1.46,1237.7745338002087,1.2377745338002086,21.3128662109375,17.218698259611834,60.125,59,3985,1.126,5.0546875,640,0,0,153,0,518,-40,taborsky.de,3Aas8yBKTY3wA5dAknm62bNMbvR1qd4wgM.bitaxe2,BM1370,601,v2.7.1,ONLINE
2025-05-29T20:28:13.514295,Gamma-3,192.168.1.47,1388.1247432874018,1.3881247432874018,19.07373046875,13.740645832433602,60.125,54,2723,1.131,5.1015625,640,0,0,131,0,467,-56,taborsky.de,3Aas8yBKTY3wA5dAknm62bNMbvR1qd4wgM.bitaxe3,BM1370,601,v2.7.1,ONLINE
2025-05-29T20:29:13.773612,Gamma-1,192.168.1.45,1440.634048935894,1.440634048935894,21.430694580078125,14.875876768224126,60,61,3837,1.133,4.828125,640,0,0,178,0,634,-44,taborsky.de,3Aas8yBKTY3wA5dAknm62bNMbvR1qd4wgM.bitaxe1,BM1370,601,v2.7.1,ONLINE
2025-05-29T20:29:13.774615,Gamma-2,192.168.1.46,1254.1688560462865,1.2541688560462865,21.348876953125,17.02233064567272,60.375,59,3938,1.129,5.0546875,640,0,0,172,0,579,-40,taborsky.de,3Aas8yBKTY3wA5dAknm62bNMbvR1qd4wgM.bitaxe2,BM1370,601,v2.7.1,ONLINE
2025-05-29T20:29:13.777614,Gamma-3,192.168.1.47,1259.673707743552,1.259673707743552,19.07373046875,15.141802477497677,60.125,54,2734,1.129,5.1015625,640,0,0,148,0,527,-61,taborsky.de,3Aas8yBKTY3wA5dAknm62bNMbvR1qd4wgM.bitaxe3,BM1370,601,v2.7.1,ONLINE
2025-05-29T20:30:13.998885,Gamma-1,192.168.1.45,1293.773790594138,1.293773790594138,21.41265869140625,16.550542952004726,59.5,61,3816,1.131,4.8046875,640,0,0,192,0,694,-44,taborsky.de,3Aas8yBKTY3wA5dAknm62bNMbvR1qd4wgM.bitaxe1,BM1370,601,v2.7.1,ONLINE
2025-05-29T20:30:13.999889,Gamma-2,192.168.1.46,1243.859344056493,1.243859344056493,21.25885009765625,17.091040236371555,60,59,3904,1.125,5.0546875,640,0,0,184,0,639,-40,taborsky.de,3Aas8yBKTY3wA5dAknm62bNMbvR1qd4wgM.bitaxe2,BM1370,601,v2.7.1,ONLINE
2025-05-29T20:30:14.001886,Gamma-3,192.168.1.47,1410.3991529257783,1.4103991529257782,19.07373046875,13.523640048409579,59.875,54,2701,1.129,5.1015625,640,0,0,169,0,587,-61,taborsky.de,3Aas8yBKTY3wA5dAknm62bNMbvR1qd4wgM.bitaxe3,BM1370,601,v2.7.1,ONLINE
2025-05-29T20:31:14.222957,Gamma-1,192.168.1.45,1270.1646154635994,1.2701646154635993,21.304443359375,16.772978163620987,59.25,61,3621,1.132,4.8515625,640,0,0,209,0,755,-44,taborsky.de,3Aas8yBKTY3wA5dAknm62bNMbvR1qd4wgM.bitaxe1,BM1370,601,v2.7.1,ONLINE
2025-05-29T20:31:14.223957,Gamma-2,192.168.1.46,1443.272904518625,1.443272904518625,21.3128662109375,14.767038267129378,59.875,59,3893,1.126,5.0546875,640,0,0,210,0,699,-40,taborsky.de,3Aas8yBKTY3wA5dAknm62bNMbvR1qd4wgM.bitaxe2,BM1370,601,v2.7.1,ONLINE
2025-05-29T20:31:14.225958,Gamma-3,192.168.1.47,1262.0037519481468,1.2620037519481468,19.03759765625,15.08521478391945,59.875,54,2638,1.131,5.1015625,640,0,0,185,0,647,-61,taborsky.de,3Aas8yBKTY3wA5dAknm62bNMbvR1qd4wgM.bitaxe3,BM1370,601,v2.7.1,ONLINE
2025-05-29T20:32:14.365678,Gamma-1,192.168.1.45,1429.220101810636,1.4292201018106359,21.466766357421875,15.019916337746912,60.125,61,3651,1.132,4.8515625,640,0,0,231,0,815,-44,taborsky.de,3Aas8yBKTY3wA5dAknm62bNMbvR1qd4wgM.bitaxe1,BM1370,601,v2.7.1,ONLINE
2025-05-29T20:32:14.366678,Gamma-2,192.168.1.46,1377.3764796290063,1.3773764796290062,21.348876953125,15.499667134489824,60.375,59,3950,1.126,5.0546875,640,0,0,224,0,759,-40,taborsky.de,3Aas8yBKTY3wA5dAknm62bNMbvR1qd4wgM.bitaxe2,BM1370,601,v2.7.1,ONLINE
2025-05-29T20:32:14.367682,Gamma-3,192.168.1.47,1305.415555406927,1.305415555406927,19.07373046875,14.61123271417146,60,55,2712,1.129,5.1015625,640,0,0,201,0,708,-61,taborsky.de,3Aas8yBKTY3wA5dAknm62bNMbvR1qd4wgM.bitaxe3,BM1370,601,v2.7.1,ONLINE
2025-05-29T20:33:14.955886,Gamma-1,192.168.1.45,1360.4147991579177,1.3604147991579176,21.466766357421875,15.779574267134977,60.375,61,3784,1.131,4.8359375,640,0,0,249,0,875,-44,taborsky.de,3Aas8yBKTY3wA5dAknm62bNMbvR1qd4wgM.bitaxe1,BM1370,601,v2.7.1,ONLINE
2025-05-29T20:33:14.956887,Gamma-2,192.168.1.46,1163.9155220828757,1.1639155220828756,21.348876953125,18.342290783200735,60.25,59,4118,1.122,5.0546875,640,0,0,244,0,820,-40,taborsky.de,3Aas8yBKTY3wA5dAknm62bNMbvR1qd4wgM.bitaxe2,BM1370,601,v2.7.1,ONLINE
2025-05-29T20:33:14.958889,Gamma-3,192.168.1.47,1229.759929277827,1.229759929277827,19.07373046875,15.510125199762358,60,54,2717,1.129,5.1015625,640,0,0,215,0,768,-62,taborsky.de,3Aas8yBKTY3wA5dAknm62bNMbvR1qd4wgM.bitaxe3,BM1370,601,v2.7.1,ONLINE
2025-05-29T20:34:15.128063,Gamma-1,192.168.1.45,1235.7530434892374,1.2357530434892374,21.430694580078125,17.342214686817215,60.125,61,3827,1.133,4.8203125,640,0,0,272,0,936,-44,taborsky.de,3Aas8yBKTY3wA5dAknm62bNMbvR1qd4wgM.bitaxe1,BM1370,601,v2.7.1,ONLINE
2025-05-29T20:34:15.129065,Gamma-2,192.168.1.46,1180.5802118982986,1.1805802118982986,21.348876953125,18.083376917522063,60.5,59,4094,1.126,5.0546875,640,0,0,260,0,880,-40,taborsky.de,3Aas8yBKTY3wA5dAknm62bNMbvR1qd4wgM.bitaxe2,BM1370,601,v2.7.1,ONLINE
2025-05-29T20:34:15.131067,Gamma-3,192.168.1.47,1196.4388792576842,1.1964388792576843,19.07373046875,15.942085132325404,60.125,55,2638,1.131,5.1015625,640,0,0,231,0,828,-61,taborsky.de,3Aas8yBKTY3wA5dAknm62bNMbvR1qd4wgM.bitaxe3,BM1370,601,v2.7.1,ONLINE
2025-05-29T20:35:15.342973,Gamma-1,192.168.1.45,1415.2856247786963,1.4152856247786962,21.3765869140625,15.104079727655744,59.375,61,3904,1.129,4.8671875,640,0,0,294,0,996,-44,taborsky.de,3Aas8yBKTY3wA5dAknm62bNMbvR1qd4wgM.bitaxe1,BM1370,601,v2.7.1,ONLINE
2025-05-29T20:35:15.343972,Gamma-2,192.168.1.46,1288.0703064128431,1.2880703064128431,21.25885009765625,16.504417493219126,59.75,59,4032,1.129,5.0546875,640,0,0,280,0,940,-40,taborsky.de,3Aas8yBKTY3wA5dAknm62bNMbvR1qd4wgM.bitaxe2,BM1370,601,v2.7.1,ONLINE
2025-05-29T20:35:15.344972,Gamma-3,192.168.1.47,1408.0136526058036,1.4080136526058036,19.07373046875,13.5465522180487,59.875,54,2728,1.13,5.1015625,640,0,0,247,0,889,-61,taborsky.de,3Aas8yBKTY3wA5dAknm62bNMbvR1qd4wgM.bitaxe3,BM1370,601,v2.7.1,ONLINE
2025-05-29T20:36:15.710106,Gamma-1,192.168.1.45,1088.59489577371,1.0885948957737102,21.41265869140625,19.669997328241536,59,59,2873,1.133,4.921875,650,0,0,5,0,33,-44,taborsky.de,3Aas8yBKTY3wA5dAknm62bNMbvR1qd4wgM.bitaxe1,BM1370,601,v2.7.1,ONLINE
2025-05-29T20:36:15.710106,Gamma-2,192.168.1.46,1336.8041464592334,1.3368041464592333,21.25885009765625,15.902740991613578,59.75,58,3893,1.126,5.0546875,640,0,0,298,0,1000,-40,taborsky.de,3Aas8yBKTY3wA5dAknm62bNMbvR1qd4wgM.bitaxe2,BM1370,601,v2.7.1,ONLINE
2025-05-29T20:36:15.713106,Gamma-3,192.168.1.47,1280.8546382381178,1.2808546382381178,19.03759765625,14.863199217076815,60,54,2701,1.13,5.1015625,640,0,0,267,0,949,-59,taborsky.de,3Aas8yBKTY3wA5dAknm62bNMbvR1qd4wgM.bitaxe3,BM1370,601,v2.7.1,ONLINE
